model,repeat,iteration,time_s,solve_ms,constraint_violation_inf,retained
centroidal_vel,1,0,0.0,60.0383,5.829184066552529e-07,False
centroidal_vel,1,1,0.015,47.250456,1.5011498377681676e-08,False
centroidal_vel,1,2,0.03,46.366934,1.9383021188090765e-08,False
centroidal_vel,1,3,0.045,47.512522,4.012241427986396e-08,False
centroidal_vel,1,4,0.06,58.029115,2.0950596812951972e-10,False
centroidal_vel,1,5,0.075,45.886625,6.39032782245863e-08,False
centroidal_vel,1,6,0.09,53.412243,1.0667375116568678e-07,False
centroidal_vel,1,7,0.105,47.723727,1.9936339201720443e-07,False
centroidal_vel,1,8,0.12,61.23291,9.308807058516777e-10,False
centroidal_vel,1,9,0.135,48.652004,1.5440124800925048e-07,False
centroidal_vel,1,10,0.15,49.370291,2.8270051699585963e-07,True
centroidal_vel,1,11,0.16499999999999998,59.585219,6.688219422734676e-10,True
centroidal_vel,1,12,0.18,48.137926,1.260844528783167e-07,True
centroidal_vel,1,13,0.195,48.433051,1.5760557059429914e-07,True
centroidal_vel,1,14,0.21,60.327626,2.9878410856554183e-10,True
centroidal_vel,1,15,0.22499999999999998,47.690501,5.339166814222196e-08,True
centroidal_vel,1,16,0.24,47.835337,3.498670708701468e-08,True
centroidal_vel,1,17,0.255,59.153107,1.7330445412078177e-10,True
centroidal_vel,1,18,0.27,47.147152,1.0907686726069343e-08,True
centroidal_vel,1,19,0.285,59.662944,5.6358556710378593e-11,True
centroidal_vel,1,20,0.3,47.625081,3.6267251424249025e-09,True
centroidal_vel,1,21,0.315,57.845981,1.8402751544854823e-11,True
centroidal_vel,1,22,0.32999999999999996,58.83604,3.010452997997959e-12,True
centroidal_vel,1,23,0.345,48.174182,1.0173284437087204e-09,True
centroidal_vel,1,24,0.36,46.378075,7.406644009222418e-08,True
centroidal_vel,1,25,0.375,47.464045,1.3512817531591281e-08,True
centroidal_vel,1,26,0.39,49.453414,4.40269543044991e-09,True
centroidal_vel,1,27,0.40499999999999997,58.747655,4.5725589981060466e-11,True
centroidal_vel,1,28,0.42,45.685227,3.0879474088862935e-08,True
centroidal_vel,1,29,0.435,45.969492,8.362202447154132e-08,True
centroidal_vel,1,30,0.44999999999999996,45.25301,1.5784432227938794e-07,True
centroidal_vel,1,31,0.46499999999999997,57.691353,2.3236484958388814e-10,True
centroidal_vel,1,32,0.48,45.764774,1.6615410181053392e-07,True
centroidal_vel,1,33,0.495,48.348851,4.936193424009971e-07,True
centroidal_vel,1,34,0.51,57.406344,1.3158529821311049e-11,True
centroidal_vel,1,35,0.525,58.312229,5.643460143645029e-10,True
centroidal_vel,1,36,0.54,58.123534,8.442468946157078e-12,True
centroidal_vel,1,37,0.5549999999999999,57.648394,1.5332402014678337e-11,True
centroidal_vel,1,38,0.57,57.360185,4.2503620067968484e-10,True
centroidal_vel,1,39,0.585,46.508121,3.168928719432529e-07,True
centroidal_vel,1,40,0.6,46.988007,2.4263244813305107e-07,True
centroidal_vel,1,41,0.615,59.464198,9.806290612868196e-09,True
centroidal_vel,1,42,0.63,46.96446,5.792132179438525e-08,True
centroidal_vel,1,43,0.645,59.932126,1.3340408777651191e-09,True
centroidal_vel,1,44,0.6599999999999999,46.484284,1.5158975963380783e-08,True
centroidal_vel,1,45,0.6749999999999999,59.457929,2.5691049287956957e-10,True
centroidal_vel,1,46,0.69,46.787542,4.6379624585313195e-09,True
centroidal_vel,1,47,0.705,60.254845,2.46478448762133e-10,True
centroidal_vel,1,48,0.72,47.966639,2.567147633358857e-09,True
centroidal_vel,1,49,0.735,60.270986,2.1446455722440305e-10,True
centroidal_vel,1,50,0.75,60.514254,1.5110068751766903e-10,True
centroidal_vel,1,51,0.765,46.959297,2.17128892643359e-09,True
centroidal_vel,1,52,0.78,58.889106,1.550198858168983e-10,True
centroidal_vel,1,53,0.7949999999999999,58.892215,9.710449111466346e-11,True
centroidal_vel,1,54,0.8099999999999999,60.486317,1.973967378443575e-09,True
centroidal_vel,1,55,0.825,46.354396,1.0627383417727287e-08,True
centroidal_vel,1,56,0.84,47.034568,3.790237679268671e-08,True
centroidal_vel,1,57,0.855,46.508529,6.697908974673261e-08,True
centroidal_vel,1,58,0.87,57.942035,1.0669553573983137e-09,True
centroidal_vel,1,59,0.885,45.99481,1.241132410179091e-07,True
centroidal_vel,1,60,0.8999999999999999,45.343038,3.1694238167290223e-07,True
centroidal_vel,1,61,0.9149999999999999,58.172426,9.435679459990354e-10,True
centroidal_vel,1,62,0.9299999999999999,45.912513,1.4672101822377215e-07,True
centroidal_vel,1,63,0.945,45.927059,2.91594549339802e-07,True
centroidal_vel,1,64,0.96,46.072359,2.6155423143991996e-07,True
centroidal_vel,1,65,0.975,59.730108,1.0602297539907823e-08,True
centroidal_vel,1,66,0.99,46.502164,9.707295234306912e-08,True
centroidal_vel,1,67,1.005,59.669402,8.613340041208062e-10,True
centroidal_vel,1,68,1.02,46.682151,1.8040614779835096e-08,True
centroidal_vel,1,69,1.035,46.959725,1.527884085916753e-08,True
centroidal_vel,1,70,1.05,61.387659,7.653819800168549e-10,True
centroidal_vel,1,71,1.065,47.279316,5.09997530317996e-09,True
centroidal_vel,1,72,1.08,60.479035,4.117073348908207e-10,True
centroidal_vel,1,73,1.095,47.136239,2.6814436226985094e-09,True
centroidal_vel,1,74,1.1099999999999999,59.491933,3.21089155264076e-10,True
centroidal_vel,1,75,1.125,47.275046,2.8821851016935796e-09,True
centroidal_vel,1,76,1.14,60.300052,3.092379685654123e-10,True
centroidal_vel,1,77,1.155,47.924312,4.61508142812761e-08,True
centroidal_vel,1,78,1.17,46.793325,7.363876342036946e-09,True
centroidal_vel,1,79,1.185,47.585944,1.6663092017310532e-09,True
centroidal_vel,1,80,1.2,60.057743,9.640958031909008e-10,True
centroidal_vel,1,81,1.2149999999999999,47.198472,2.6867385205520122e-08,True
centroidal_vel,1,82,1.23,47.368531,3.20235787887313e-08,True
centroidal_vel,1,83,1.2449999999999999,47.429427,1.0852238480074661e-07,True
centroidal_vel,1,84,1.26,58.316083,7.165356502580877e-10,True
centroidal_vel,1,85,1.275,59.911252,1.1998849136496403e-09,True
centroidal_vel,1,86,1.29,45.830086,3.462667756970461e-07,True
centroidal_vel,1,87,1.305,58.811547,1.1358913809544902e-11,True
centroidal_vel,1,88,1.3199999999999998,57.872277,1.7472650826189096e-09,True
centroidal_vel,1,89,1.335,45.986218,3.7160746368947173e-07,True
centroidal_vel,1,90,1.3499999999999999,59.562152,1.9795140526746025e-08,True
centroidal_vel,1,91,1.365,58.235374,1.4063484266024773e-09,True
centroidal_vel,1,92,1.38,59.620788,3.387782110397808e-09,True
centroidal_vel,1,93,1.395,46.919222,1.549009223666964e-07,True
centroidal_vel,1,94,1.41,59.596165,4.769881101207574e-09,True
centroidal_vel,1,95,1.425,46.94749,1.633135982004319e-08,True
centroidal_vel,1,96,1.44,46.68874,1.1204788652463549e-08,True
centroidal_vel,1,97,1.4549999999999998,59.871839,1.374014457766748e-09,True
centroidal_vel,1,98,1.47,47.499393,6.118908602026352e-09,True
centroidal_vel,1,99,1.4849999999999999,59.727481,5.038331973850063e-10,True
centroidal_vel,1,100,1.5,59.946636,6.230176929911124e-10,True
centroidal_vel,1,101,1.515,59.80627,4.0553083113792354e-10,True
centroidal_vel,1,102,1.53,59.984035,2.6526325580533694e-10,True
centroidal_vel,1,103,1.545,47.476523,3.0841182663277067e-09,True
centroidal_vel,1,104,1.56,60.095088,1.2534952575915526e-08,True
centroidal_vel,1,105,1.575,47.077277,2.2157734980154942e-08,True
centroidal_vel,1,106,1.5899999999999999,48.130255,6.985028611072863e-09,True
centroidal_vel,1,107,1.605,60.100587,1.1615153283628388e-10,True
centroidal_vel,1,108,1.6199999999999999,46.939785,1.4011416693548995e-08,True
centroidal_vel,1,109,1.635,47.408294,1.6431658700355456e-08,True
centroidal_vel,1,110,1.65,47.015215,3.329124659279259e-08,True
centroidal_vel,1,111,1.665,58.235557,9.029486602862846e-10,True
centroidal_vel,1,112,1.68,46.373087,3.9566898091258906e-08,True
centroidal_vel,1,113,1.6949999999999998,45.646813,1.0016776536003746e-07,True
centroidal_vel,1,114,1.71,45.379534,1.288837239987739e-07,True
centroidal_vel,1,115,1.7249999999999999,58.729416,2.08774703081005e-09,True
centroidal_vel,1,116,1.74,45.98656,8.154039171648364e-08,True
centroidal_vel,1,117,1.755,45.963478,9.450759175244627e-08,True
centroidal_vel,1,118,1.77,57.599393,1.7284993991673048e-09,True
centroidal_vel,1,119,1.785,59.48813,4.1891518032244335e-10,True
centroidal_vel,1,120,1.7999999999999998,47.544901,1.580619946039974e-08,True
centroidal_vel,1,121,1.815,60.883994,2.381102204296326e-09,True
centroidal_vel,1,122,1.8299999999999998,46.811329,4.260995112304045e-09,True
centroidal_vel,1,123,1.845,60.075438,7.419993508506195e-10,True
centroidal_vel,1,124,1.8599999999999999,47.338125,1.8536711610117607e-09,True
centroidal_vel,1,125,1.875,59.54628,3.795642689041756e-10,True
centroidal_vel,1,126,1.89,46.872917,2.2002566435475046e-09,True
centroidal_vel,1,127,1.905,62.471862,2.2744534200480615e-08,True
centroidal_vel,1,128,1.92,45.926562,2.40876107948651e-09,True
centroidal_vel,1,129,1.9349999999999998,59.864483,2.3649470937137096e-08,True
centroidal_vel,1,130,1.95,47.68323,4.101858275262771e-08,True
centroidal_vel,1,131,1.9649999999999999,46.351601,4.2469601724270944e-09,True
centroidal_vel,1,132,1.98,47.595234,5.468443076139806e-08,True
centroidal_vel,1,133,1.9949999999999999,47.862908,1.6805416613863144e-08,True
centroidal_vel,1,134,2.01,60.457568,2.359797912632189e-10,True
centroidal_vel,1,135,2.025,47.301213,1.1471809724383775e-08,True
centroidal_vel,1,136,2.04,47.360882,2.47640760675516e-08,True
centroidal_vel,1,137,2.0549999999999997,46.816597,3.345328442039275e-08,True
centroidal_vel,1,138,2.07,59.158938,1.7287770104346123e-09,True
centroidal_vel,1,139,2.085,47.997366,6.12879858530313e-08,True
centroidal_vel,1,140,2.1,46.403727,1.3093225048610435e-07,True
centroidal_vel,1,141,2.1149999999999998,58.358737,1.715215136588455e-09,True
centroidal_vel,1,142,2.13,45.859078,5.7312285750565906e-08,True
centroidal_vel,1,143,2.145,46.206973,1.0154694690678312e-07,True
centroidal_vel,1,144,2.16,46.373941,7.349858643923568e-08,True
centroidal_vel,1,145,2.175,58.419236,3.183712876664302e-09,True
centroidal_vel,1,146,2.19,46.720502,2.2682608347146527e-08,True
centroidal_vel,1,147,2.205,60.094724,2.1363865676526927e-09,True
centroidal_vel,1,148,2.2199999999999998,47.170496,3.747068544335264e-09,True
centroidal_vel,1,149,2.235,47.770357,2.7055868656589155e-09,True
centroidal_vel,1,150,2.25,60.054269,1.7947847652521887e-09,True
centroidal_vel,1,151,2.265,47.245221,2.2951513189983785e-09,True
centroidal_vel,1,152,2.28,60.031017,4.7228151889289194e-08,True
centroidal_vel,1,153,2.295,46.754212,2.2138835209517538e-09,True
centroidal_vel,1,154,2.31,60.064621,3.1310419645880216e-08,True
centroidal_vel,1,155,2.3249999999999997,59.716221,4.4821751865598003e-10,True
centroidal_vel,1,156,2.34,59.698039,3.0996502753399824e-08,True
centroidal_vel,1,157,2.355,60.726187,1.056888898620656e-08,True
centroidal_vel,1,158,2.37,46.802973,1.9051597910380025e-08,True
centroidal_vel,1,159,2.385,47.453698,1.0328227162403891e-09,True
centroidal_vel,1,160,2.4,60.394191,3.5882420273969373e-07,True
centroidal_vel,1,161,2.415,47.629882,4.9741045227147396e-08,True
centroidal_vel,1,162,2.4299999999999997,46.802339,9.34849997413778e-09,True
centroidal_vel,1,163,2.445,46.850354,1.3556998634811634e-08,True
centroidal_vel,1,164,2.46,57.773484,1.0724590937538636e-09,True
centroidal_vel,1,165,2.475,46.247695,1.204373734076114e-08,True
centroidal_vel,1,166,2.4899999999999998,132.020271,3.660966751972694e-09,True
centroidal_vel,1,167,2.505,96.63798,1.3525269793035477e-10,True
centroidal_vel,1,168,2.52,57.810841,1.5375832590480698e-07,True
centroidal_vel,1,169,2.5349999999999997,58.266356,1.6793677559689968e-10,True
centroidal_vel,1,170,2.55,62.899373,1.522056131131322e-08,True
centroidal_vel,1,171,2.565,83.941474,7.726893569426352e-10,True
centroidal_vel,1,172,2.58,84.262616,5.533565896054249e-07,True
centroidal_vel,1,173,2.5949999999999998,83.167562,6.732396590214407e-08,True
centroidal_vel,1,174,2.61,136.548742,0.00020479785251792393,True
centroidal_vel,1,175,2.625,143.158736,1.6362463742425337e-05,True
centroidal_vel,1,176,2.6399999999999997,148.33091,8.526788413121267e-06,True
centroidal_vel,1,177,2.655,144.35018,3.205294363262112e-10,True
centroidal_vel,1,178,2.67,134.461432,7.786497591144581e-08,True
centroidal_vel,1,179,2.685,146.406359,3.02130209517415e-07,True
centroidal_vel,1,180,2.6999999999999997,150.482133,0.00016985858477713833,True
centroidal_vel,1,181,2.715,142.236121,1.1965257451507227e-08,True
centroidal_vel,1,182,2.73,149.828322,0.2601266249009418,True
centroidal_vel,1,183,2.745,166.16943,0.7947610516227073,True
centroidal_vel,1,184,2.76,144.840072,0.9337933972135701,True
centroidal_vel,1,185,2.775,154.792688,1.195331204291751,True
centroidal_vel,1,186,2.79,144.106502,0.00027445570209017056,True
centroidal_vel,1,187,2.8049999999999997,142.869284,1.293945866009949e-06,True
centroidal_vel,1,188,2.82,146.237355,1.9270581574915013e-08,True
centroidal_vel,1,189,2.835,144.468569,0.0005489829237044219,True
centroidal_vel,1,190,2.85,152.845095,0.04614382107606052,True
centroidal_vel,1,191,2.8649999999999998,143.622041,0.00029878107139857946,True
centroidal_vel,1,192,2.88,71.525524,1.640804470071089e-08,True
centroidal_vel,1,193,2.895,83.107225,3.792134994906604e-09,True
centroidal_vel,1,194,2.9099999999999997,94.847029,5.887167697782303e-10,True
centroidal_vel,1,195,2.925,123.065891,1.491828327537803e-10,True
centroidal_vel,1,196,2.94,95.748418,5.467803987357911e-11,True
centroidal_vel,1,197,2.955,122.557092,5.3910794051148514e-08,True
centroidal_vel,1,198,2.9699999999999998,140.162057,1.257144926825049e-05,True
centroidal_vel,1,199,2.985,98.710197,4.8250771989000185e-09,True
centroidal_acc,1,0,0.0,243.800593,6.896065940509288e-10,False
centroidal_acc,1,1,0.015,150.288867,2.134663695585459e-06,False
centroidal_acc,1,2,0.03,152.304576,9.102348386136327e-08,False
centroidal_acc,1,3,0.045,151.982551,1.1013142398041964e-07,False
centroidal_acc,1,4,0.06,196.441419,2.32557084700602e-10,False
centroidal_acc,1,5,0.075,151.696278,2.852956484389324e-07,False
centroidal_acc,1,6,0.09,149.426455,4.800348634148577e-07,False
centroidal_acc,1,7,0.105,149.851075,7.121829668221835e-07,False
centroidal_acc,1,8,0.12,192.449245,3.8623682030447526e-10,False
centroidal_acc,1,9,0.135,151.903421,8.390566961224977e-07,False
centroidal_acc,1,10,0.15,151.066487,1.2389099950382843e-06,True
centroidal_acc,1,11,0.16499999999999998,194.643246,6.724576451233588e-11,True
centroidal_acc,1,12,0.18,150.480766,1.0109130386126708e-06,True
centroidal_acc,1,13,0.195,151.33049,1.6274980580988085e-06,True
centroidal_acc,1,14,0.21,195.952251,1.3557932554419949e-11,True
centroidal_acc,1,15,0.22499999999999998,150.863049,4.327485001454079e-07,True
centroidal_acc,1,16,0.24,150.452733,3.520298719195125e-07,True
centroidal_acc,1,17,0.255,196.550556,3.801403636316536e-12,True
centroidal_acc,1,18,0.27,151.524132,7.360330744887733e-08,True
centroidal_acc,1,19,0.285,195.432994,3.622110799483269e-13,True
centroidal_acc,1,20,0.3,151.620212,3.635392653578151e-08,True
centroidal_acc,1,21,0.315,150.412508,2.2979891411978315e-07,True
centroidal_acc,1,22,0.32999999999999996,151.047271,8.175385346476105e-08,True
centroidal_acc,1,23,0.345,148.844179,2.872140969500947e-08,True
centroidal_acc,1,24,0.36,148.190377,2.5520595359207476e-08,True
centroidal_acc,1,25,0.375,148.390527,6.786308404116426e-09,True
centroidal_acc,1,26,0.39,148.048714,4.6238994855229976e-09,True
centroidal_acc,1,27,0.40499999999999997,192.922395,3.7471609148909124e-11,True
centroidal_acc,1,28,0.42,148.744925,1.2766792778506897e-07,True
centroidal_acc,1,29,0.435,148.346878,1.056392022746877e-07,True
centroidal_acc,1,30,0.44999999999999996,148.564761,1.002603013944281e-07,True
centroidal_acc,1,31,0.46499999999999997,191.738217,7.142608726695698e-11,True
centroidal_acc,1,32,0.48,147.751664,1.4550039395544445e-07,True
centroidal_acc,1,33,0.495,147.550485,2.0305694192757073e-07,True
centroidal_acc,1,34,0.51,148.972477,1.6821832815594462e-07,True
centroidal_acc,1,35,0.525,192.215851,9.343614770784825e-11,True
centroidal_acc,1,36,0.54,148.374953,1.4083695987210376e-07,True
centroidal_acc,1,37,0.5549999999999999,147.938589,1.4284782423601428e-07,True
centroidal_acc,1,38,0.57,192.248856,3.7249286988227936e-11,True
centroidal_acc,1,39,0.585,147.543977,1.0292630914232603e-07,True
centroidal_acc,1,40,0.6,148.236084,2.5442595230629195e-07,True
centroidal_acc,1,41,0.615,193.724156,1.3923917574487632e-11,True
centroidal_acc,1,42,0.63,149.517773,1.2254501413622165e-07,True
centroidal_acc,1,43,0.645,148.527654,9.847562498777052e-07,True
centroidal_acc,1,44,0.6599999999999999,148.661482,3.1730730043477706e-08,True
centroidal_acc,1,45,0.6749999999999999,149.020468,3.1356862817411013e-07,True
centroidal_acc,1,46,0.69,149.560431,1.7726511813975776e-08,True
centroidal_acc,1,47,0.705,149.641794,1.2251149783537585e-07,True
centroidal_acc,1,48,0.72,150.538022,1.1615637340867124e-08,True
centroidal_acc,1,49,0.735,150.557105,7.344329411296258e-08,True
centroidal_acc,1,50,0.75,148.780292,4.7055749519131496e-08,True
centroidal_acc,1,51,0.765,158.466044,1.0385051041339466e-08,True
centroidal_acc,1,52,0.78,151.48962,5.4022599726977205e-08,True
centroidal_acc,1,53,0.7949999999999999,148.316419,4.525998775761764e-08,True
centroidal_acc,1,54,0.8099999999999999,192.463898,7.027267656667391e-11,True
centroidal_acc,1,55,0.825,149.098246,9.867692654097482e-07,True
centroidal_acc,1,56,0.84,149.47094,7.685018488245987e-08,True
centroidal_acc,1,57,0.855,147.29282,9.909782505701514e-08,True
centroidal_acc,1,58,0.87,195.350044,1.666933258093195e-10,True
centroidal_acc,1,59,0.885,149.108172,2.219320904828237e-07,True
centroidal_acc,1,60,0.8999999999999999,148.683465,2.426226259899522e-07,True
centroidal_acc,1,61,0.9149999999999999,192.422145,3.6278591242222546e-11,True
centroidal_acc,1,62,0.9299999999999999,148.318936,1.153592208424925e-07,True
centroidal_acc,1,63,0.945,148.79737,1.369422975017187e-07,True
centroidal_acc,1,64,0.96,148.677267,1.122938613207225e-07,True
centroidal_acc,1,65,0.975,194.053677,4.022790434099477e-11,True
centroidal_acc,1,66,0.99,150.433349,5.41750083016268e-07,True
centroidal_acc,1,67,1.005,192.916449,4.4583642333506646e-12,True
centroidal_acc,1,68,1.02,149.393183,1.277736529914364e-07,True
centroidal_acc,1,69,1.035,148.229918,1.1510441311202158e-07,True
centroidal_acc,1,70,1.05,194.587304,1.895844592425533e-12,True
centroidal_acc,1,71,1.065,148.747674,2.508658014654941e-08,True
centroidal_acc,1,72,1.08,152.630381,5.041653244886035e-07,True
centroidal_acc,1,73,1.095,149.006907,1.3574909640823307e-08,True
centroidal_acc,1,74,1.1099999999999999,148.850254,1.52685159626742e-07,True
centroidal_acc,1,75,1.125,149.2307,7.928470435736301e-09,True
centroidal_acc,1,76,1.14,150.951574,1.3244136276568952e-07,True
centroidal_acc,1,77,1.155,149.050341,8.348288105253232e-08,True
centroidal_acc,1,78,1.17,148.976727,5.1000196066297576e-08,True
centroidal_acc,1,79,1.185,148.304432,4.46013359578501e-09,True
centroidal_acc,1,80,1.2,193.535146,3.0023272756807273e-10,True
centroidal_acc,1,81,1.2149999999999999,191.755304,2.108815899681815e-11,True
centroidal_acc,1,82,1.23,148.628185,1.0654414559496672e-06,True
centroidal_acc,1,83,1.2449999999999999,148.569374,8.464755296699877e-08,True
centroidal_acc,1,84,1.26,191.681454,9.185896487906575e-11,True
centroidal_acc,1,85,1.275,146.47196,1.5459932711792135e-07,True
centroidal_acc,1,86,1.29,147.256788,1.9376479798438595e-07,True
centroidal_acc,1,87,1.305,147.57504,1.6358291077267495e-07,True
centroidal_acc,1,88,1.3199999999999998,191.605686,1.318269937655714e-10,True
centroidal_acc,1,89,1.335,147.47713,9.550021218274196e-08,True
centroidal_acc,1,90,1.3499999999999999,147.288757,9.99792106881614e-08,True
centroidal_acc,1,91,1.365,192.992434,3.906219792071397e-11,True
centroidal_acc,1,92,1.38,148.873606,3.52593346519825e-07,True
centroidal_acc,1,93,1.395,147.468521,6.029717525279921e-07,True
centroidal_acc,1,94,1.41,192.186542,1.5303730505067392e-11,True
centroidal_acc,1,95,1.425,147.724402,1.3514401153713607e-07,True
centroidal_acc,1,96,1.44,149.288107,1.325300802434981e-07,True
centroidal_acc,1,97,1.4549999999999998,193.864976,5.730776964085749e-12,True
centroidal_acc,1,98,1.47,149.457598,6.885306214066134e-08,True
centroidal_acc,1,99,1.4849999999999999,149.510768,1.3669302187935273e-06,True
centroidal_acc,1,100,1.5,149.674188,4.06778397632479e-08,True
centroidal_acc,1,101,1.515,149.17852,4.503800745681019e-07,True
centroidal_acc,1,102,1.53,148.966693,1.2597534926328535e-07,True
centroidal_acc,1,103,1.545,149.35475,2.6996503699194818e-08,True
centroidal_acc,1,104,1.56,150.12635,1.1444498682067206e-07,True
centroidal_acc,1,105,1.575,150.128369,6.372844296720359e-08,True
centroidal_acc,1,106,1.5899999999999999,149.854253,6.787374928762802e-08,True
centroidal_acc,1,107,1.605,191.533347,3.3152591782936724e-11,True
centroidal_acc,1,108,1.6199999999999999,148.551678,2.690480481959412e-06,True
centroidal_acc,1,109,1.635,150.021609,1.9625079517027189e-07,True
centroidal_acc,1,110,1.65,148.1745,8.922057048721399e-08,True
centroidal_acc,1,111,1.665,194.324592,1.4647838497694465e-10,True
centroidal_acc,1,112,1.68,151.422704,1.1781875031147138e-07,True
centroidal_acc,1,113,1.6949999999999998,148.349819,1.1761878937477377e-07,True
centroidal_acc,1,114,1.71,149.809789,6.6528459852222e-08,True
centroidal_acc,1,115,1.7249999999999999,193.242189,1.858140308286238e-10,True
centroidal_acc,1,116,1.74,148.253383,4.9723624329089944e-08,True
centroidal_acc,1,117,1.755,149.653482,3.556450334230021e-08,True
centroidal_acc,1,118,1.77,194.560867,3.8903047450133954e-11,True
centroidal_acc,1,119,1.785,147.621832,5.835110872265403e-08,True
centroidal_acc,1,120,1.7999999999999998,147.131862,8.910032534004131e-08,True
centroidal_acc,1,121,1.815,195.043352,1.497438284481234e-11,True
centroidal_acc,1,122,1.8299999999999998,149.579005,1.5252626095474398e-07,True
centroidal_acc,1,123,1.845,194.413207,1.9569901255067634e-12,True
centroidal_acc,1,124,1.8599999999999999,148.276291,1.0214210099945831e-07,True
centroidal_acc,1,125,1.875,148.809684,4.855149855487184e-07,True
centroidal_acc,1,126,1.89,149.526327,3.1290023572161374e-08,True
centroidal_acc,1,127,1.905,149.411881,1.831530873630527e-07,True
centroidal_acc,1,128,1.92,148.962558,1.0679790163337088e-08,True
centroidal_acc,1,129,1.9349999999999998,148.793447,1.315173010496551e-07,True
centroidal_acc,1,130,1.95,148.573698,9.376758924872775e-08,True
centroidal_acc,1,131,1.9649999999999999,148.770038,2.0362584729483046e-08,True
centroidal_acc,1,132,1.98,147.753979,1.0101339142920551e-07,True
centroidal_acc,1,133,1.9949999999999999,148.410074,9.170366155331067e-08,True
centroidal_acc,1,134,2.01,191.073818,2.0110846321585996e-10,True
centroidal_acc,1,135,2.025,149.361546,2.752156682106488e-06,True
centroidal_acc,1,136,2.04,152.929139,2.1198473376671245e-07,True
centroidal_acc,1,137,2.0549999999999997,148.132237,7.300895887851766e-08,True
centroidal_acc,1,138,2.07,192.996591,6.89283297106158e-10,True
centroidal_acc,1,139,2.085,148.045495,7.47004023082809e-08,True
centroidal_acc,1,140,2.1,147.17335,5.756692900149574e-08,True
centroidal_acc,1,141,2.1149999999999998,192.560818,8.900258308131015e-11,True
centroidal_acc,1,142,2.13,147.876896,8.822896546689663e-08,True
centroidal_acc,1,143,2.145,146.778938,4.359921490504348e-08,True
centroidal_acc,1,144,2.16,149.644278,3.670714887604731e-08,True
centroidal_acc,1,145,2.175,191.301863,1.0945200301648583e-10,True
centroidal_acc,1,146,2.19,148.383384,1.2031716511984314e-07,True
centroidal_acc,1,147,2.205,193.523893,1.1501133378999384e-11,True
centroidal_acc,1,148,2.2199999999999998,149.122316,3.4235458734599433e-07,True
centroidal_acc,1,149,2.235,149.701386,3.703330384574599e-07,True
centroidal_acc,1,150,2.25,192.606758,5.119432655575906e-12,True
centroidal_acc,1,151,2.265,149.539331,1.8648732091897102e-07,True
centroidal_acc,1,152,2.28,149.351102,1.1122719485445742e-06,True
centroidal_acc,1,153,2.295,148.400527,3.531974518411474e-08,True
centroidal_acc,1,154,2.31,149.986794,4.117974752304576e-07,True
centroidal_acc,1,155,2.3249999999999997,148.779176,4.509114948092474e-08,True
centroidal_acc,1,156,2.34,148.617686,2.4813657972799774e-07,True
centroidal_acc,1,157,2.355,156.073491,1.1767416197017155e-07,True
centroidal_acc,1,158,2.37,149.659698,6.22113631720822e-08,True
centroidal_acc,1,159,2.385,154.305198,1.7293615428570774e-09,True
centroidal_acc,1,160,2.4,195.515636,1.0695089258661028e-10,True
centroidal_acc,1,161,2.415,193.95575,8.381562111026142e-11,True
centroidal_acc,1,162,2.4299999999999997,149.548687,3.3564993877632787e-06,True
centroidal_acc,1,163,2.445,148.738148,3.1182389648165554e-07,True
centroidal_acc,1,164,2.46,194.717529,1.4500756151392125e-10,True
centroidal_acc,1,165,2.475,148.750779,9.599077799293809e-08,True
centroidal_acc,1,166,2.4899999999999998,148.313493,5.206842246252563e-08,True
centroidal_acc,1,167,2.505,287.337084,2.2282982214960612e-07,True
centroidal_acc,1,168,2.52,239.024788,3.370104195710155e-10,True
centroidal_acc,1,169,2.5349999999999997,193.607873,7.732097451196296e-08,True
centroidal_acc,1,170,2.55,220.982026,5.4034164032046306e-08,True
centroidal_acc,1,171,2.565,235.832961,1.5033734257485776e-09,True
centroidal_acc,1,172,2.58,239.988788,1.8284262992551703e-11,True
centroidal_acc,1,173,2.5949999999999998,238.126802,2.147058086876541e-10,True
centroidal_acc,1,174,2.61,243.500803,3.6472213693627964e-08,True
centroidal_acc,1,175,2.625,240.482882,2.654037110083607e-07,True
centroidal_acc,1,176,2.6399999999999997,247.770331,3.305348328375146e-07,True
centroidal_acc,1,177,2.655,284.450738,4.337252779151868e-12,True
centroidal_acc,1,178,2.67,238.807532,1.5588411139688674e-07,True
centroidal_acc,1,179,2.685,238.865727,5.986174684835532e-07,True
centroidal_acc,1,180,2.6999999999999997,279.580019,9.166861714149377e-11,True
centroidal_acc,1,181,2.715,329.6275,7.286239389614479e-10,True
centroidal_acc,1,182,2.73,241.569264,4.013537164837544e-07,True
centroidal_acc,1,183,2.745,321.482755,2.6480543224849384e-07,True
centroidal_acc,1,184,2.76,297.94283,1.9089309688524736e-07,True
centroidal_acc,1,185,2.775,248.701778,1.3654442909682984e-07,True
centroidal_acc,1,186,2.79,245.842706,8.115559779753312e-08,True
centroidal_acc,1,187,2.8049999999999997,287.476647,2.6781776796269696e-10,True
centroidal_acc,1,188,2.82,379.092423,6.1797971184773814e-09,True
centroidal_acc,1,189,2.835,245.893723,1.0293716279363707e-06,True
centroidal_acc,1,190,2.85,289.274484,9.249285781720573e-10,True
centroidal_acc,1,191,2.8649999999999998,287.676046,2.7041360262103353e-09,True
centroidal_acc,1,192,2.88,288.789282,3.143592941512452e-09,True
centroidal_acc,1,193,2.895,288.532109,3.4306641971681984e-09,True
centroidal_acc,1,194,2.9099999999999997,381.686627,4.93809499957365e-08,True
centroidal_acc,1,195,2.925,281.751317,4.7076381193278394e-07,True
centroidal_acc,1,196,2.94,328.311646,4.096849970380845e-09,True
centroidal_acc,1,197,2.955,284.480832,8.46143355381912e-09,True
centroidal_acc,1,198,2.9699999999999998,282.609495,1.8366519149992655e-07,True
centroidal_acc,1,199,2.985,285.645178,7.884166475236043e-08,True
whole_body_acc,1,0,0.0,63.782679,5.144329406903125e-10,False
whole_body_acc,1,1,0.015,41.66758,1.9000891029463673e-06,False
whole_body_acc,1,2,0.03,41.689116,7.340791796650592e-08,False
whole_body_acc,1,3,0.045,41.316089,8.770591719553522e-08,False
whole_body_acc,1,4,0.06,51.859053,2.319495706615271e-10,False
whole_body_acc,1,5,0.075,41.949034,2.2064654103814973e-07,False
whole_body_acc,1,6,0.09,44.778956,3.736664666575962e-07,False
whole_body_acc,1,7,0.105,41.486538,5.619392595690442e-07,False
whole_body_acc,1,8,0.12,51.341889,3.845173068839358e-10,False
whole_body_acc,1,9,0.135,41.377092,7.176073495429591e-07,False
whole_body_acc,1,10,0.15,41.206145,1.065719857251679e-06,True
whole_body_acc,1,11,0.16499999999999998,50.892793,6.708589239678986e-11,True
whole_body_acc,1,12,0.18,41.299204,8.988833428702492e-07,True
whole_body_acc,1,13,0.195,41.189214,1.4614612950936134e-06,True
whole_body_acc,1,14,0.21,50.948056,1.3681000776699648e-11,True
whole_body_acc,1,15,0.22499999999999998,40.88279,3.828489525403711e-07,True
whole_body_acc,1,16,0.24,41.241526,3.039197622456413e-07,True
whole_body_acc,1,17,0.255,51.722023,3.848532603711874e-12,True
whole_body_acc,1,18,0.27,42.439433,7.160414128293269e-08,True
whole_body_acc,1,19,0.285,51.635972,3.979039320256561e-13,True
whole_body_acc,1,20,0.3,42.259454,3.609220122768875e-08,True
whole_body_acc,1,21,0.315,40.72458,2.3560894923946307e-07,True
whole_body_acc,1,22,0.32999999999999996,41.283465,8.349397262463754e-08,True
whole_body_acc,1,23,0.345,41.191403,2.9430566428345628e-08,True
whole_body_acc,1,24,0.36,40.605667,2.526676290415253e-08,True
whole_body_acc,1,25,0.375,40.609149,6.620425097025873e-09,True
whole_body_acc,1,26,0.39,40.802098,4.604601144819753e-09,True
whole_body_acc,1,27,0.40499999999999997,55.418606,3.736533304987688e-11,True
whole_body_acc,1,28,0.42,40.568276,1.274548395713282e-07,True
whole_body_acc,1,29,0.435,40.987597,1.0414319717710896e-07,True
whole_body_acc,1,30,0.44999999999999996,40.939718,9.890223395814246e-08,True
whole_body_acc,1,31,0.46499999999999997,51.489439,7.145217750803567e-11,True
whole_body_acc,1,32,0.48,41.700732,1.4445124918438523e-07,True
whole_body_acc,1,33,0.495,41.019171,2.013959488067485e-07,True
whole_body_acc,1,34,0.51,40.991237,1.6646845324430615e-07,True
whole_body_acc,1,35,0.525,52.369276,9.347292384553896e-11,True
whole_body_acc,1,36,0.54,40.673142,1.3924984898494586e-07,True
whole_body_acc,1,37,0.5549999999999999,40.977699,1.4075456533646502e-07,True
whole_body_acc,1,38,0.57,51.999826,3.7254505036443675e-11,True
whole_body_acc,1,39,0.585,40.429764,1.0345327439154062e-07,True
whole_body_acc,1,40,0.6,40.815539,2.5237248735265894e-07,True
whole_body_acc,1,41,0.615,51.75851,1.3920892216745528e-11,True
whole_body_acc,1,42,0.63,41.584477,1.2151019745942904e-07,True
whole_body_acc,1,43,0.645,41.468379,1.000677798401739e-06,True
whole_body_acc,1,44,0.6599999999999999,41.127315,3.1878585105005186e-08,True
whole_body_acc,1,45,0.6749999999999999,42.053728,3.1305961556427064e-07,True
whole_body_acc,1,46,0.69,41.848242,1.7964680409932043e-08,True
whole_body_acc,1,47,0.705,42.792853,1.230847361810561e-07,True
whole_body_acc,1,48,0.72,42.121254,1.1900453955604462e-08,True
whole_body_acc,1,49,0.735,42.03169,7.308707417053029e-08,True
whole_body_acc,1,50,0.75,40.665758,4.6474212922476e-08,True
whole_body_acc,1,51,0.765,41.518613,1.075041211606731e-08,True
whole_body_acc,1,52,0.78,41.346206,5.3132396260480164e-08,True
whole_body_acc,1,53,0.7949999999999999,40.820162,4.4430976231524255e-08,True
whole_body_acc,1,54,0.8099999999999999,50.972777,7.109690614015562e-11,True
whole_body_acc,1,55,0.825,41.460985,9.886841780826217e-07,True
whole_body_acc,1,56,0.84,41.536214,7.727459205852938e-08,True
whole_body_acc,1,57,0.855,40.970975,9.682281643108581e-08,True
whole_body_acc,1,58,0.87,51.822886,1.6818546555441571e-10,True
whole_body_acc,1,59,0.885,41.268089,2.197922981395095e-07,True
whole_body_acc,1,60,0.8999999999999999,40.851536,2.400585117356968e-07,True
whole_body_acc,1,61,0.9149999999999999,51.655171,3.622366295807922e-11,True
whole_body_acc,1,62,0.9299999999999999,40.666031,1.1384116760382312e-07,True
whole_body_acc,1,63,0.945,45.744734,1.350642264696944e-07,True
whole_body_acc,1,64,0.96,41.096704,1.1067260174968396e-07,True
whole_body_acc,1,65,0.975,53.322209,4.016700860809408e-11,True
whole_body_acc,1,66,0.99,41.845631,5.399111273618473e-07,True
whole_body_acc,1,67,1.005,53.404267,4.4345777050480706e-12,True
whole_body_acc,1,68,1.02,43.307931,1.2717350728053134e-07,True
whole_body_acc,1,69,1.035,42.423899,1.144758812188229e-07,True
whole_body_acc,1,70,1.05,53.190211,1.886796274774838e-12,True
whole_body_acc,1,71,1.065,42.751616,2.550337896423116e-08,True
whole_body_acc,1,72,1.08,41.742367,5.019466016165097e-07,True
whole_body_acc,1,73,1.095,42.0507,1.3691469291643443e-08,True
whole_body_acc,1,74,1.1099999999999999,41.273648,1.5002250108864246e-07,True
whole_body_acc,1,75,1.125,42.469292,7.99315458266392e-09,True
whole_body_acc,1,76,1.14,42.861638,1.31842980977126e-07,True
whole_body_acc,1,77,1.155,41.802308,8.329438117016252e-08,True
whole_body_acc,1,78,1.17,42.74889,5.081196263745369e-08,True
whole_body_acc,1,79,1.185,41.674838,4.376246920401172e-09,True
whole_body_acc,1,80,1.2,52.920007,3.051354724448174e-10,True
whole_body_acc,1,81,1.2149999999999999,51.443228,2.107788943384037e-11,True
whole_body_acc,1,82,1.23,40.85174,1.0710420923487618e-06,True
whole_body_acc,1,83,1.2449999999999999,41.014482,8.53873842743269e-08,True
whole_body_acc,1,84,1.26,50.764251,9.299583325628191e-11,True
whole_body_acc,1,85,1.275,40.140242,1.5393071350899845e-07,True
whole_body_acc,1,86,1.29,40.387226,1.9279968910268508e-07,True
whole_body_acc,1,87,1.305,39.894557,1.6233067867688078e-07,True
whole_body_acc,1,88,1.3199999999999998,50.6261,1.3352519090403803e-10,True
whole_body_acc,1,89,1.335,40.257257,9.413240320554905e-08,True
whole_body_acc,1,90,1.3499999999999999,40.578568,9.787197541299975e-08,True
whole_body_acc,1,91,1.365,51.157435,3.9086733849558186e-11,True
whole_body_acc,1,92,1.38,40.711699,3.510547514906648e-07,True
whole_body_acc,1,93,1.395,40.955593,6.0093077536294e-07,True
whole_body_acc,1,94,1.41,51.139118,1.5323325941452026e-11,True
whole_body_acc,1,95,1.425,41.117225,1.3218034666806489e-07,True
whole_body_acc,1,96,1.44,41.966316,1.2775785362961756e-07,True
whole_body_acc,1,97,1.4549999999999998,51.338545,5.741157549365994e-12,True
whole_body_acc,1,98,1.47,40.996485,6.912944172654534e-08,True
whole_body_acc,1,99,1.4849999999999999,41.056085,1.3638752989209024e-06,True
whole_body_acc,1,100,1.5,41.162187,4.0414406043964846e-08,True
whole_body_acc,1,101,1.515,40.801072,4.427751605362573e-07,True
whole_body_acc,1,102,1.53,40.960321,1.252082366676177e-07,True
whole_body_acc,1,103,1.545,41.139027,2.7861077001034573e-08,True
whole_body_acc,1,104,1.56,40.699932,1.1315518122501089e-07,True
whole_body_acc,1,105,1.575,41.176014,6.245039685381926e-08,True
whole_body_acc,1,106,1.5899999999999999,41.911493,6.643728056587861e-08,True
whole_body_acc,1,107,1.605,52.608383,3.3165359347719914e-11,True
whole_body_acc,1,108,1.6199999999999999,40.961944,2.7053035864810226e-06,True
whole_body_acc,1,109,1.635,41.216992,1.9823681896014023e-07,True
whole_body_acc,1,110,1.65,40.344304,8.776629556450644e-08,True
whole_body_acc,1,111,1.665,56.187037,1.4883028143231058e-10,True
whole_body_acc,1,112,1.68,40.482959,1.1705810720741283e-07,True
whole_body_acc,1,113,1.6949999999999998,40.66837,1.1676593203446828e-07,True
whole_body_acc,1,114,1.71,40.366405,6.694853027511272e-08,True
whole_body_acc,1,115,1.7249999999999999,51.124395,1.8876278318202822e-10,True
whole_body_acc,1,116,1.74,40.287965,5.036910977196385e-08,True
whole_body_acc,1,117,1.755,40.769667,3.5595121516962536e-08,True
whole_body_acc,1,118,1.77,51.31618,3.8833325444187494e-11,True
whole_body_acc,1,119,1.785,41.406811,6.017915055167578e-08,True
whole_body_acc,1,120,1.7999999999999998,40.711351,8.940986617744784e-08,True
whole_body_acc,1,121,1.815,51.359286,1.494548929059647e-11,True
whole_body_acc,1,122,1.8299999999999998,41.137306,1.5407288955771037e-07,True
whole_body_acc,1,123,1.845,53.508864,1.9481638524609934e-12,True
whole_body_acc,1,124,1.8599999999999999,43.560931,1.031402625528699e-07,True
whole_body_acc,1,125,1.875,41.139102,4.789616951939024e-07,True
whole_body_acc,1,126,1.89,41.327102,3.1607193307081616e-08,True
whole_body_acc,1,127,1.905,41.059357,1.868768402246701e-07,True
whole_body_acc,1,128,1.92,40.812068,1.0737426947571294e-08,True
whole_body_acc,1,129,1.9349999999999998,40.929606,1.310946942112423e-07,True
whole_body_acc,1,130,1.95,41.005543,9.380026710914535e-08,True
whole_body_acc,1,131,1.9649999999999999,41.446674,2.0015477275592275e-08,True
whole_body_acc,1,132,1.98,40.837764,1.0060513488951983e-07,True
whole_body_acc,1,133,1.9949999999999999,41.910698,9.143211343598523e-08,True
whole_body_acc,1,134,2.01,51.330379,2.0531842892523855e-10,True
whole_body_acc,1,135,2.025,40.806638,2.7619852431826075e-06,True
whole_body_acc,1,136,2.04,41.298511,2.130654621623762e-07,True
whole_body_acc,1,137,2.0549999999999997,40.232436,7.498788079374208e-08,True
whole_body_acc,1,138,2.07,50.689412,7.030394044704735e-10,True
whole_body_acc,1,139,2.085,40.563447,7.449509098478302e-08,True
whole_body_acc,1,140,2.1,40.668685,5.719927287373139e-08,True
whole_body_acc,1,141,2.1149999999999998,50.821099,9.083578333957121e-11,True
whole_body_acc,1,142,2.13,39.949746,8.931482398111257e-08,True
whole_body_acc,1,143,2.145,40.24107,4.429813316164655e-08,True
whole_body_acc,1,144,2.16,40.516506,3.668147030566615e-08,True
whole_body_acc,1,145,2.175,50.834487,1.120383785746526e-10,True
whole_body_acc,1,146,2.19,39.991671,1.181747961709334e-07,True
whole_body_acc,1,147,2.205,51.436038,1.1517231612856449e-11,True
whole_body_acc,1,148,2.2199999999999998,41.188301,3.4578889085423725e-07,True
whole_body_acc,1,149,2.235,41.251908,3.7397970231722866e-07,True
whole_body_acc,1,150,2.25,51.7819,5.132477776115252e-12,True
whole_body_acc,1,151,2.265,40.859489,1.9019094565919659e-07,True
whole_body_acc,1,152,2.28,40.800683,1.1017964993698115e-06,True
whole_body_acc,1,153,2.295,40.980036,3.682296778606542e-08,True
whole_body_acc,1,154,2.31,40.955462,4.003479716629954e-07,True
whole_body_acc,1,155,2.3249999999999997,41.240932,4.550895482680062e-08,True
whole_body_acc,1,156,2.34,41.165981,2.527511355765455e-07,True
whole_body_acc,1,157,2.355,40.855264,1.1676166877805372e-07,True
whole_body_acc,1,158,2.37,41.026177,6.165868171592592e-08,True
whole_body_acc,1,159,2.385,41.4065,1.7548131836520042e-09,True
whole_body_acc,1,160,2.4,51.872288,1.0936673788819462e-10,True
whole_body_acc,1,161,2.415,51.426639,8.429879017057829e-11,True
whole_body_acc,1,162,2.4299999999999997,40.307936,3.3878049521263165e-06,True
whole_body_acc,1,163,2.445,40.30064,3.1736493610878824e-07,True
whole_body_acc,1,164,2.46,50.806647,1.4838974493613932e-10,True
whole_body_acc,1,165,2.475,40.426619,9.853057747477578e-08,True
whole_body_acc,1,166,2.4899999999999998,40.310801,5.171250450075604e-08,True
whole_body_acc,1,167,2.505,71.527811,2.2106272901112334e-07,True
whole_body_acc,1,168,2.52,61.638623,3.455085106907063e-10,True
whole_body_acc,1,169,2.5349999999999997,53.971445,7.838549720418087e-08,True
whole_body_acc,1,170,2.55,50.970596,5.476929487713278e-08,True
whole_body_acc,1,171,2.565,60.72986,1.5036079048513784e-09,True
whole_body_acc,1,172,2.58,61.373705,1.7674750552032492e-11,True
whole_body_acc,1,173,2.5949999999999998,61.325404,2.092690465360647e-10,True
whole_body_acc,1,174,2.61,61.428129,3.499954459584842e-08,True
whole_body_acc,1,175,2.625,62.063803,2.680303730073774e-07,True
whole_body_acc,1,176,2.6399999999999997,61.653597,3.3405012800358236e-07,True
whole_body_acc,1,177,2.655,72.439705,4.329980818340573e-12,True
whole_body_acc,1,178,2.67,62.644036,1.579519874894686e-07,True
whole_body_acc,1,179,2.685,62.49311,5.866515380148485e-07,True
whole_body_acc,1,180,2.6999999999999997,72.265197,9.529102507066511e-11,True
whole_body_acc,1,181,2.715,83.743791,7.506252286404447e-10,True
whole_body_acc,1,182,2.73,63.783741,4.1116553006759204e-07,True
whole_body_acc,1,183,2.745,76.12931,2.4677490273461444e-07,True
whole_body_acc,1,184,2.76,76.771067,1.8888349018197914e-07,True
whole_body_acc,1,185,2.775,64.22008,1.3438385337849468e-07,True
whole_body_acc,1,186,2.79,62.034842,7.925234513095347e-08,True
whole_body_acc,1,187,2.8049999999999997,71.977468,2.6923885343421716e-10,True
whole_body_acc,1,188,2.82,94.425266,6.146186670719089e-09,True
whole_body_acc,1,189,2.835,61.596916,1.0376489427699198e-06,True
whole_body_acc,1,190,2.85,72.393688,9.249285781720573e-10,True
whole_body_acc,1,191,2.8649999999999998,71.445613,2.7041355821211255e-09,True
whole_body_acc,1,192,2.88,71.271551,3.143593385601662e-09,True
whole_body_acc,1,193,2.895,71.120174,3.4306641971681984e-09,True
whole_body_acc,1,194,2.9099999999999997,92.169626,4.9415976199895795e-08,True
whole_body_acc,1,195,2.925,72.140183,4.907291781819367e-07,True
whole_body_acc,1,196,2.94,82.163978,4.096850414470055e-09,True
whole_body_acc,1,197,2.955,72.630594,8.186120226127969e-09,True
whole_body_acc,1,198,2.9699999999999998,72.745676,1.925156141169282e-07,True
whole_body_acc,1,199,2.985,72.142915,7.761130405015138e-08,True
whole_body_rnea,1,0,0.0,60.024972,5.126139512867667e-10,False
whole_body_rnea,1,1,0.015,38.771717,1.8969780057886965e-06,False
whole_body_rnea,1,2,0.03,39.878016,7.288303649488626e-08,False
whole_body_rnea,1,3,0.045,40.201511,8.679507601527803e-08,False
whole_body_rnea,1,4,0.06,48.979809,2.2588153569813585e-10,False
whole_body_rnea,1,5,0.075,40.30577,2.1657751858583651e-07,False
whole_body_rnea,1,6,0.09,39.123041,3.670979253911355e-07,False
whole_body_rnea,1,7,0.105,39.691453,5.515146312973229e-07,False
whole_body_rnea,1,8,0.12,48.789792,3.7192648960626684e-10,False
whole_body_rnea,1,9,0.135,38.864079,6.996264119152329e-07,False
whole_body_rnea,1,10,0.15,39.914649,1.0373751706538314e-06,True
whole_body_rnea,1,11,0.16499999999999998,49.027828,6.444444977660169e-11,True
whole_body_rnea,1,12,0.18,39.936602,8.656393788442074e-07,True
whole_body_rnea,1,13,0.195,39.524736,1.4023843277755077e-06,True
whole_body_rnea,1,14,0.21,48.887248,1.3500034423685747e-11,True
whole_body_rnea,1,15,0.22499999999999998,39.138427,3.637052259364282e-07,True
whole_body_rnea,1,16,0.24,39.084788,2.873072730835702e-07,True
whole_body_rnea,1,17,0.255,49.316854,3.800626480199298e-12,True
whole_body_rnea,1,18,0.27,39.26919,7.180459959954533e-08,True
whole_body_rnea,1,19,0.285,49.564288,4.831690603168681e-13,True
whole_body_rnea,1,20,0.3,39.608243,3.66042733901395e-08,True
whole_body_rnea,1,21,0.315,39.052089,2.3078056976544303e-07,True
whole_body_rnea,1,22,0.32999999999999996,39.736701,8.217528879583824e-08,True
whole_body_rnea,1,23,0.345,39.674533,2.918739028245909e-08,True
whole_body_rnea,1,24,0.36,39.009312,2.501272255983622e-08,True
whole_body_rnea,1,25,0.375,39.167683,6.692118859064067e-09,True
whole_body_rnea,1,26,0.39,38.558576,4.685489329858683e-09,True
whole_body_rnea,1,27,0.40499999999999997,49.26346,3.810871063159027e-11,True
whole_body_rnea,1,28,0.42,38.821334,1.228155213084392e-07,True
whole_body_rnea,1,29,0.435,38.810793,1.024009463890252e-07,True
whole_body_rnea,1,30,0.44999999999999996,39.966127,9.662423394729558e-08,True
whole_body_rnea,1,31,0.46499999999999997,48.324661,7.004263835597158e-11,True
whole_body_rnea,1,32,0.48,38.55701,1.403918474807142e-07,True
whole_body_rnea,1,33,0.495,38.932218,1.944418670518644e-07,True
whole_body_rnea,1,34,0.51,39.028633,1.5988187840321189e-07,True
whole_body_rnea,1,35,0.525,49.527173,9.141615242569401e-11,True
whole_body_rnea,1,36,0.54,39.040918,1.3159905165593955e-07,True
whole_body_rnea,1,37,0.5549999999999999,38.822514,1.3164810752641642e-07,True
whole_body_rnea,1,38,0.57,48.821526,3.6410291448518706e-11,True
whole_body_rnea,1,39,0.585,39.469806,1.011330823530443e-07,True
whole_body_rnea,1,40,0.6,39.062581,2.329102670728389e-07,True
whole_body_rnea,1,41,0.615,49.439543,1.3588463687597141e-11,True
whole_body_rnea,1,42,0.63,39.780578,1.1345495920522808e-07,True
whole_body_rnea,1,43,0.645,39.941925,9.672676242189482e-07,True
whole_body_rnea,1,44,0.6599999999999999,39.27167,2.96244166975157e-08,True
whole_body_rnea,1,45,0.6749999999999999,39.497055,3.027096227015136e-07,True
whole_body_rnea,1,46,0.69,39.825176,1.6705726579857583e-08,True
whole_body_rnea,1,47,0.705,39.843423,1.2014084393996427e-07,True
whole_body_rnea,1,48,0.72,39.271746,1.1192341276000661e-08,True
whole_body_rnea,1,49,0.735,39.366481,7.17048527221209e-08,True
whole_body_rnea,1,50,0.75,39.639379,4.65333869215101e-08,True
whole_body_rnea,1,51,0.765,39.411843,1.0187648058490595e-08,True
whole_body_rnea,1,52,0.78,39.397366,5.317355089573539e-08,True
whole_body_rnea,1,53,0.7949999999999999,39.70138,4.4647663344221655e-08,True
whole_body_rnea,1,54,0.8099999999999999,48.824082,7.530331913585542e-11,True
whole_body_rnea,1,55,0.825,39.075151,9.75367925093451e-07,True
whole_body_rnea,1,56,0.84,39.472615,7.701157755946042e-08,True
whole_body_rnea,1,57,0.855,40.483317,9.444636361877201e-08,True
whole_body_rnea,1,58,0.87,51.964925,1.6393641999457031e-10,True
whole_body_rnea,1,59,0.885,39.913513,2.126394633705786e-07,True
whole_body_rnea,1,60,0.8999999999999999,40.192852,2.3112369262889843e-07,True
whole_body_rnea,1,61,0.9149999999999999,49.169807,3.571307138905411e-11,True
whole_body_rnea,1,62,0.9299999999999999,39.54027,1.079847038454318e-07,True
whole_body_rnea,1,63,0.945,39.348051,1.2707749874607543e-07,True
whole_body_rnea,1,64,0.96,39.380736,1.0283673645972158e-07,True
whole_body_rnea,1,65,0.975,49.138447,3.950165194943622e-11,True
whole_body_rnea,1,66,0.99,39.137199,1.0618981605148292e-07,True
whole_body_rnea,1,67,1.005,48.977753,4.371877859732365e-12,True
whole_body_rnea,1,68,1.02,39.851703,1.1697801483023795e-07,True
whole_body_rnea,1,69,1.035,39.787591,1.0578241926850751e-07,True
whole_body_rnea,1,70,1.05,49.486388,1.8547385849387865e-12,True
whole_body_rnea,1,71,1.065,39.241667,2.4885828509013663e-08,True
whole_body_rnea,1,72,1.08,39.582565,4.896688210465072e-07,True
whole_body_rnea,1,73,1.095,39.624236,1.3345193394798116e-08,True
whole_body_rnea,1,74,1.1099999999999999,40.008302,1.4699152472985588e-07,True
whole_body_rnea,1,75,1.125,39.221474,7.905970988986155e-09,True
whole_body_rnea,1,76,1.14,39.226323,1.3132121523540263e-07,True
whole_body_rnea,1,77,1.155,40.231412,8.326230727107031e-08,True
whole_body_rnea,1,78,1.17,39.308885,5.1350639296288136e-08,True
whole_body_rnea,1,79,1.185,39.295037,4.356039084996155e-09,True
whole_body_rnea,1,80,1.2,49.688197,3.2872549127205275e-10,True
whole_body_rnea,1,81,1.2149999999999999,48.782126,2.13979667318398e-11,True
whole_body_rnea,1,82,1.23,38.950541,1.058790971342205e-06,True
whole_body_rnea,1,83,1.2449999999999999,38.774646,8.497946168972703e-08,True
whole_body_rnea,1,84,1.26,48.77932,9.185896487906575e-11,True
whole_body_rnea,1,85,1.275,38.701296,1.503183142403941e-07,True
whole_body_rnea,1,86,1.29,38.515879,1.8708502125264204e-07,True
whole_body_rnea,1,87,1.305,38.884862,1.5684820198202942e-07,True
whole_body_rnea,1,88,1.3199999999999998,48.391324,1.3068301996099763e-10,True
whole_body_rnea,1,89,1.335,38.855734,8.954411612194235e-08,True
whole_body_rnea,1,90,1.3499999999999999,38.931843,9.227611030837579e-08,True
whole_body_rnea,1,91,1.365,48.861104,3.8688552361776374e-11,True
whole_body_rnea,1,92,1.38,39.568887,3.3173535030073253e-07,True
whole_body_rnea,1,93,1.395,39.190283,2.0591751592746732e-07,True
whole_body_rnea,1,94,1.41,49.567464,1.5152018528752365e-11,True
whole_body_rnea,1,95,1.425,39.510144,1.2492172940525847e-07,True
whole_body_rnea,1,96,1.44,39.771483,1.2239685487358543e-07,True
whole_body_rnea,1,97,1.4549999999999998,49.481255,5.672212699536772e-12,True
whole_body_rnea,1,98,1.47,39.348586,6.867719548608875e-08,True
whole_body_rnea,1,99,1.4849999999999999,39.632198,1.3395333553489763e-06,True
whole_body_rnea,1,100,1.5,39.808821,3.833152106835769e-08,True
whole_body_rnea,1,101,1.515,39.833144,4.3624777390505187e-07,True
whole_body_rnea,1,102,1.53,39.916223,1.2415355854500376e-07,True
whole_body_rnea,1,103,1.545,39.670841,2.6899044769379543e-08,True
whole_body_rnea,1,104,1.56,39.121323,1.1349374062774586e-07,True
whole_body_rnea,1,105,1.575,39.620323,6.347431735775899e-08,True
whole_body_rnea,1,106,1.5899999999999999,39.826903,6.756442871846957e-08,True
whole_body_rnea,1,107,1.605,48.865333,3.47597506333841e-11,True
whole_body_rnea,1,108,1.6199999999999999,39.892186,2.6815620799425233e-06,True
whole_body_rnea,1,109,1.635,39.809932,1.9780532056756783e-07,True
whole_body_rnea,1,110,1.65,39.084332,8.647378990644938e-08,True
whole_body_rnea,1,111,1.665,49.37951,1.4559020655724453e-10,True
whole_body_rnea,1,112,1.68,38.843259,1.1418148915254278e-07,True
whole_body_rnea,1,113,1.6949999999999998,39.133398,1.1300994628982153e-07,True
whole_body_rnea,1,114,1.71,39.341784,6.521878503917833e-08,True
whole_body_rnea,1,115,1.7249999999999999,49.661092,1.8397372514300514e-10,True
whole_body_rnea,1,116,1.74,38.909385,5.023530036396551e-08,True
whole_body_rnea,1,117,1.755,39.166278,3.367142653587507e-08,True
whole_body_rnea,1,118,1.77,49.240663,3.827704819769906e-11,True
whole_body_rnea,1,119,1.785,39.317578,5.934597169243716e-08,True
whole_body_rnea,1,120,1.7999999999999998,39.206863,8.490900427204906e-08,True
whole_body_rnea,1,121,1.815,49.359549,1.4714951479533056e-11,True
whole_body_rnea,1,122,1.8299999999999998,40.340357,1.535952840470145e-07,True
whole_body_rnea,1,123,1.845,50.105247,1.9212964552650647e-12,True
whole_body_rnea,1,124,1.8599999999999999,39.674081,1.0217654278221744e-07,True
whole_body_rnea,1,125,1.875,39.336351,4.682793104393568e-07,True
whole_body_rnea,1,126,1.89,39.098619,3.103645696000967e-08,True
whole_body_rnea,1,127,1.905,39.992073,1.8366843601569371e-07,True
whole_body_rnea,1,128,1.92,39.603909,1.0677759121335839e-08,True
whole_body_rnea,1,129,1.9349999999999998,39.90039,1.3088458672427805e-07,True
whole_body_rnea,1,130,1.95,39.13676,9.396364930580603e-08,True
whole_body_rnea,1,131,1.9649999999999999,39.55466,1.901253199321218e-08,True
whole_body_rnea,1,132,1.98,39.62099,1.0113026860381069e-07,True
whole_body_rnea,1,133,1.9949999999999999,39.74494,9.226374686477357e-08,True
whole_body_rnea,1,134,2.01,50.277418,2.170850166294258e-10,True
whole_body_rnea,1,135,2.025,39.731538,2.731562389612918e-06,True
whole_body_rnea,1,136,2.04,40.180754,2.120846573916424e-07,True
whole_body_rnea,1,137,2.0549999999999997,39.549741,7.52366560163864e-08,True
whole_body_rnea,1,138,2.07,49.216018,6.943992048036307e-10,True
whole_body_rnea,1,139,2.085,39.313438,7.24789828154826e-08,True
whole_body_rnea,1,140,2.1,38.931585,5.518334944554226e-08,True
whole_body_rnea,1,141,2.1149999999999998,49.562167,8.958522812463343e-11,True
whole_body_rnea,1,142,2.13,39.357968,8.902145509637194e-08,True
whole_body_rnea,1,143,2.145,39.612878,4.414067689140211e-08,True
whole_body_rnea,1,144,2.16,39.384193,3.570771411887108e-08,True
whole_body_rnea,1,145,2.175,49.626599,1.0982148523908108e-10,True
whole_body_rnea,1,146,2.19,39.275753,1.1960730716964463e-07,True
whole_body_rnea,1,147,2.205,49.25932,1.1451006809437558e-11,True
whole_body_rnea,1,148,2.2199999999999998,42.954203,3.434489173059774e-07,True
whole_body_rnea,1,149,2.235,41.111495,3.725507866647604e-07,True
whole_body_rnea,1,150,2.25,49.331515,5.0990600630740346e-12,True
whole_body_rnea,1,151,2.265,39.691088,1.8898869313943578e-07,True
whole_body_rnea,1,152,2.28,39.525624,1.0856508652068442e-06,True
whole_body_rnea,1,153,2.295,39.744901,3.6762145327884355e-08,True
whole_body_rnea,1,154,2.31,40.308753,3.959310106438352e-07,True
whole_body_rnea,1,155,2.3249999999999997,39.844691,4.3665906446221925e-08,True
whole_body_rnea,1,156,2.34,39.805894,2.5194577801812557e-07,True
whole_body_rnea,1,157,2.355,39.416432,1.176269961433718e-07,True
whole_body_rnea,1,158,2.37,39.312587,6.307550393103156e-08,True
whole_body_rnea,1,159,2.385,39.425622,1.6659100765537005e-09,True
whole_body_rnea,1,160,2.4,49.497957,1.1675638234009966e-10,True
whole_body_rnea,1,161,2.415,49.043963,8.71978045324795e-11,True
whole_body_rnea,1,162,2.4299999999999997,39.432902,3.360896982940176e-06,True
whole_body_rnea,1,163,2.445,39.021204,3.1653820542487665e-07,True
whole_body_rnea,1,164,2.46,49.039819,1.482618472437025e-10,True
whole_body_rnea,1,165,2.475,39.062715,9.824810831560171e-08,True
whole_body_rnea,1,166,2.4899999999999998,39.309278,5.022059212933527e-08,True
whole_body_rnea,1,167,2.505,68.691653,6.746645020427877e-09,True
whole_body_rnea,1,168,2.52,59.762724,3.5085179206362227e-10,True
whole_body_rnea,1,169,2.5349999999999997,48.596068,7.813362401520862e-08,True
whole_body_rnea,1,170,2.55,48.903548,5.45576490651456e-08,True
whole_body_rnea,1,171,2.565,59.237744,2.182659386562591e-09,True
whole_body_rnea,1,172,2.58,58.978255,2.5433877226532786e-11,True
whole_body_rnea,1,173,2.5949999999999998,58.784534,2.6194157953796093e-10,True
whole_body_rnea,1,174,2.61,59.76727,3.792686698034231e-08,True
whole_body_rnea,1,175,2.625,60.659039,2.844441340243975e-07,True
whole_body_rnea,1,176,2.6399999999999997,59.656663,3.5209026094662477e-07,True
whole_body_rnea,1,177,2.655,70.370473,4.401257136521508e-12,True
whole_body_rnea,1,178,2.67,59.702802,1.621739684765089e-07,True
whole_body_rnea,1,179,2.685,59.516357,5.977128409995203e-07,True
whole_body_rnea,1,180,2.6999999999999997,59.093559,1.6346472619943597e-08,True
whole_body_rnea,1,181,2.715,81.121105,2.7784476941405956e-09,True
whole_body_rnea,1,182,2.73,60.845446,4.1368697623056505e-07,True
whole_body_rnea,1,183,2.745,73.708496,3.0854858579232314e-07,True
whole_body_rnea,1,184,2.76,74.114059,1.9138643381211295e-07,True
whole_body_rnea,1,185,2.775,60.676421,1.27469419908266e-07,True
whole_body_rnea,1,186,2.79,62.954968,8.154809449933964e-08,True
whole_body_rnea,1,187,2.8049999999999997,69.63478,2.772537754935911e-10,True
whole_body_rnea,1,188,2.82,91.199868,2.200906656923962e-08,True
whole_body_rnea,1,189,2.835,59.614045,1.0735654427662666e-06,True
whole_body_rnea,1,190,2.85,69.992269,9.671823342216612e-10,True
whole_body_rnea,1,191,2.8649999999999998,70.923129,2.7327584639635916e-09,True
whole_body_rnea,1,192,2.88,70.50168,3.1708666803353935e-09,True
whole_body_rnea,1,193,2.895,69.411127,3.4572438245561443e-09,True
whole_body_rnea,1,194,2.9099999999999997,89.366243,1.2226830214956408e-08,True
whole_body_rnea,1,195,2.925,70.195399,5.274685292988579e-07,True
whole_body_rnea,1,196,2.94,79.495276,4.124048214038112e-09,True
whole_body_rnea,1,197,2.955,69.131892,8.494552616866713e-09,True
whole_body_rnea,1,198,2.9699999999999998,69.993042,8.530804507245193e-08,True
whole_body_rnea,1,199,2.985,69.916524,8.028453635233745e-08,True
